created_at,id_str,full_text,quote_count,reply_count,retweet_count,favorite_count,lang,user_id_str,conversation_id_str,username,tweet_url
Mon May 22 23:59:39 +0000 2023,1660797604920455168,@erickthohir cocok berpasangan dengan @prabowo ‚úå‚úå‚úå @Gerindra,0,1,1,2,in,1537930110,1660797604920455168,elkrova,https://twitter.com/elkrova/status/1660797604920455168
Mon May 22 23:59:28 +0000 2023,1660797559332569088,"@Jatayu_45 @msaid_didu Anis dan Ganjar sama sebagai pekerja partai, lebih tepat begitu jadi presiden dia masih punya atasan dan lebih nyesek lagi pencitraanya dibiayai oleh partai, disisi lain ada Prabowo sebagai ketua partai besar kedua dan dia mampu membiayai sendiri dalam pencapresan.",0,3,0,1,in,1608603161052475393,1660596452803112960,Moybinen,https://twitter.com/Moybinen/status/1660797559332569088
Mon May 22 23:59:09 +0000 2023,1660797479053574144,@KompasTV Anies berani sindir Prabowo ga kira2..,0,1,0,0,in,1599422548030394374,1660652622712299520,RDwiheryana,https://twitter.com/RDwiheryana/status/1660797479053574144
Mon May 22 23:59:06 +0000 2023,1660797463907926016,@KompasTV Yo gak apa2 meliuk...liuk..walau pal jokowi condong ke pak prabowo...apa salah,0,0,0,0,in,803559270109233152,1660645450439966721,nurnuri1263,https://twitter.com/nurnuri1263/status/1660797463907926016
Mon May 22 23:58:58 +0000 2023,1660797430156369920,"Mayoritas Rakyat percaya GANJAR PRANOWO akan melanjutkan &amp  mengembangkan program, kebijakan, gagasan Jokowi.  Prabowo masih ABU-ABU, gak jaminan dia akan melanjutkan. Salah satu sebabnya msh eksis di sana FADLI ZON.  Klw Anies jangan ditanya. Jelas dia ANTITESA JOKOWI, NO DEBAT.",0,0,0,0,in,1443633110386573314,1660797430156369920,Fredy_siTom,https://twitter.com/Fredy_siTom/status/1660797430156369920
Mon May 22 23:57:31 +0000 2023,1660797066665422848,"@Nikkontol Jangan lah.. Anis lebih buruk karena di backup sama Islam pergerakan (harokah), kalo Ganjar di backup sama ormas Islam.  Keduanya buruk sih.. om Prabowo kayaknya yang mendingan bisa tegak dan teguh pendirian agar tidak diperalat ormas.",0,2,1,5,in,1541720145327964162,1660796156690202625,ilhampurnama887,https://twitter.com/ilhampurnama887/status/1660797066665422848
Mon May 22 23:57:26 +0000 2023,1660797047132557313,Prabowo sempat memberikan kenang-kenangan kepada Habib Luthfi yang disebutnya sebagai kawan lama belasan hingga puluhan tahun. pilpres2024 dekade08 mendingprabowo terusmajubersamaprabowo,0,0,0,0,in,1638457905149284352,1660797047132557313,balqisraveena,https://twitter.com/balqisraveena/status/1660797047132557313
Mon May 22 23:55:56 +0000 2023,1660796666675617792,"@caesar_emil Bukan kader partai tp penghianat, tanya ke pak Prabowo deh",0,0,0,0,in,1652821101918158849,1660518520743170048,tuanku_rakyat,https://twitter.com/tuanku_rakyat/status/1660796666675617792
Mon May 22 23:55:47 +0000 2023,1660796628570357762,@Quvvatt Sama kayak pertanyaan...capres mana yg paling potensial meneruskan program pemerintahan sekarang....jelas aja yg menang ganjar atau prabowo,0,0,1,2,in,348792302,1660700322904563712,Ramadian40,https://twitter.com/Ramadian40/status/1660796628570357762
Mon May 22 23:53:52 +0000 2023,1660796148989464576,"@Heripurwanto26 @BosPurwa @prabowo @ganjarpranowo Gak menjual karena elo gak ngeliat dari sudut pandang luar, ngeliatnya dari tempurung elo. Yg universal itu teknologi/solusi. Gampangnya elo beli AC Cina, Cina ketawa2 gak mau beli batik. Pencapaian nya ditingkatkan, bukan begitu2 aja . Miskin (perhitungan dunia) ko bangga",0,1,0,0,in,563495387,1660276483552874496,Redgerbil5,https://twitter.com/Redgerbil5/status/1660796148989464576
Mon May 22 23:52:56 +0000 2023,1660795911717666816,"@HeryIdris5 Capres yg onoh lagi darting, sebab udah ga ada yg nanggung biaya kampanye, mknya opsinya serang capres GP, eh anehnya ga ada yg berani serang prabowo, jangan2 masih satu panggung ! https://t.co/TaYFefzWkB",0,0,0,0,in,785969038404956161,1660619505687728128,ekoboy_2,https://twitter.com/ekoboy_2/status/1660795911717666816
Mon May 22 23:52:36 +0000 2023,1660795830608211971,@kompascom Tidak ada pengaruhnya gibran hanya asal dukung prabowo secara pribadi,0,0,0,0,in,1260179404824567808,1660783872748158976,sumoburloff,https://twitter.com/sumoburloff/status/1660795830608211971
Mon May 22 23:51:42 +0000 2023,1660795601683095552,@Dennysiregar7 Pusing ya den itu kl prabowo ditakdirkan presiden apalg gibran jd cawapres ilang jg buzzerp kerjaan nya apalg kl anies yg ditakdirkan jd presiden beuh ga butuh kerjaan buzzerp ke laut lah.. resah ya dikit lg 2024 ilang kerjaan üòÇ,0,2,0,2,in,550175768,1660658490992640000,idnayidnay,https://twitter.com/idnayidnay/status/1660795601683095552
Mon May 22 23:51:38 +0000 2023,1660795584486457344,"Ketika simulasi Pilpres diikuti tiga nama saja, Prabowo Subianto tetap berada di peringkat pertama dengan raihan suara 39,2 persen. pilpres2024 dekade08 mendingprabowo terusmajubersamaprabowo",0,0,0,0,in,1632961697228161024,1660795584486457344,mhmmdhusein4,https://twitter.com/mhmmdhusein4/status/1660795584486457344
Mon May 22 23:51:13 +0000 2023,1660795481256263680,"Seperti dalam pertanyaan tertutup dari 10 nama tokoh yang ditawarkan, sebanyak 33,5 perseen memilih Prabowo Subianto. pilpres2024 dekade08 mendingprabowo terusmajubersamaprabowo",0,0,0,0,in,1633001224361644032,1660795481256263680,farhanaalii2,https://twitter.com/farhanaalii2/status/1660795481256263680
Mon May 22 23:51:10 +0000 2023,1660795470653067264,"@abhie_000 Sekarangkan masing2 punya pilihan ,,, jujur aku pendukung Prabowo,, tp aku ngak setuju ada narasi2 pembodohan ,,, üôÇ",0,0,0,3,in,1604083921905364994,1660707505272651776,Nilot__,https://twitter.com/Nilot__/status/1660795470653067264
Mon May 22 23:50:54 +0000 2023,1660795400033538049,"@gibran_tweet ngapain marah ya mas, wong atas jasanya pak anies malah pak jokowi bisa menang lawan pak prabowo dulu üòÇ",0,1,0,0,in,725288155,1660662605357387777,rizapasha_,https://twitter.com/rizapasha_/status/1660795400033538049
Mon May 22 23:50:19 +0000 2023,1660795253891407872,"Pendukung Jokowi yang mendukung Prabowo itu sedikit, banyak ke Ganjar https://t.co/9u2aS7Gxst",0,0,0,0,in,881441868139057152,1660795253891407872,0852_3195,https://twitter.com/0852_3195/status/1660795253891407872
Mon May 22 23:50:14 +0000 2023,1660795233255428096,Hasil Survei Ini Menunjukkan Banyak Pemilih Jokowi di 2019 Dukung Prabowo. pilpres2024 dekade08 mendingprabowo terusmajubersamaprabowo,0,0,0,0,in,1631507983703347200,1660795233255428096,keylowib,https://twitter.com/keylowib/status/1660795233255428096
Mon May 22 23:50:12 +0000 2023,1660795225017847809,"@geloraco Beginilah kesibukan presiden akan memenangkan capres prabowo begitu bersusah payah, sementara mikir kesejahteraan dan ekonomi rakyat tidak begitu dipikirkan krn jokowi sudah bergantung cukong",0,0,0,0,in,1260179404824567808,1660790059652751360,sumoburloff,https://twitter.com/sumoburloff/status/1660795225017847809
Mon May 22 23:49:26 +0000 2023,1660795030846738433,Dengan menguatnya elektabilitas Prabowo dan stagnannya Ganjar bisa menghidupkan kembali koalisi partai untuk mengusung Prabowo. pilpres2024 dekade08 mendingprabowo terusmajubersamaprabowo,0,0,0,0,in,1631508246614904832,1660795030846738433,ratuslsbla,https://twitter.com/ratuslsbla/status/1660795030846738433
Mon May 22 23:48:49 +0000 2023,1660794879193284609,Prabowo memantapkan diri dengan tren kenaikan elektabilitas yang signifikan. pilpres2024 dekade08 mendingprabowo terusmajubersamaprabowo,0,0,0,0,in,1631568868098580486,1660794879193284609,anggilstri11,https://twitter.com/anggilstri11/status/1660794879193284609
Mon May 22 23:48:11 +0000 2023,1660794716844359680,@BBerizik @ganjarpranowo @prabowo Akurrrüëçüëçüëç,0,1,0,1,in,3020212232,1660526242473578496,manyulax,https://twitter.com/manyulax/status/1660794716844359680
Mon May 22 23:47:47 +0000 2023,1660794617384804352,Prabowo menolak keras menjadi cawapres Ganjar dalam skenario koalisi bersama PDIP. pilpres2024 dekade08 mendingprabowo terusmajubersamaprabowo,0,0,0,0,in,1631230804599914496,1660794617384804352,ptrdmyanti,https://twitter.com/ptrdmyanti/status/1660794617384804352
Mon May 22 23:47:45 +0000 2023,1660794610858463232,"@GunRomli Foto2 begituan g anies doang si, g anies g ganjar g prabowo podo ae blegedes smua .",0,0,0,0,in,1149613848,1660483207966658561,Wahyu_on7,https://twitter.com/Wahyu_on7/status/1660794610858463232
Mon May 22 23:46:42 +0000 2023,1660794344524369920,Prabowo Subianto yang sebelumnya tertinggal kini terus menanjak elektabilitasnya hingga menyalip Ganjar Pranowo. pilpres2024 dekade08 mendingprabowo terusmajubersamaprabowo,0,0,0,0,in,1635874938853933057,1660794344524369920,sabilaferlia31,https://twitter.com/sabilaferlia31/status/1660794344524369920
Mon May 22 23:46:22 +0000 2023,1660794260810272770,SURVEI POLMATRIX: Prabowo Kalahkan Ganjar. pilpres2024 dekade08 mendingprabowo terusmajubersamaprabowo,0,0,0,0,in,1635915372028383232,1660794260810272770,habiliarefina14,https://twitter.com/habiliarefina14/status/1660794260810272770
Mon May 22 23:46:12 +0000 2023,1660794217843793920,"Dari hasil survei Polstat, dipasangkan dengan siapa pun @ridwankamil  tetap sosok yang menarik perhatian massa Capresnya.  Nama Ridwan Kamil selalu berada di papan atas, baik dipasangkan dengan Prabowo Subianto, Ganjar Pranowo maupun Anies Baswedan. https://t.co/BJH6iNvH5l",0,0,0,0,in,1530875157245374464,1660794217843793920,AdietRahmayadi,https://twitter.com/AdietRahmayadi/status/1660794217843793920
Mon May 22 23:45:56 +0000 2023,1660794153628995584,"@midris_sofyan @datuakrajoangek Kayanya ga perlu nunggu ke 7, 2024 menang. Cuma perlu lolos ke putaran 2, misal vs Ganjar maka suara Anies akan cenderung je Prabowo.",0,0,0,0,in,1297104762039500801,1653267068106702850,IndoSentiment,https://twitter.com/IndoSentiment/status/1660794153628995584
Mon May 22 23:45:24 +0000 2023,1660794019495174144,"@Anak__Ogi Prabowo memang hrs masuk dari anK2 muda yg mungkin tidak tahu peristiwa 98 atau team mawarnya prabowo. Perilaku yg mirip2 sama mertuanya ... prabowo sendiri akan kena ssma fpi mui, lah anaknya aja pelaku lgbt.",0,0,0,1,in,151346784,1660615155976404992,raja_pasar,https://twitter.com/raja_pasar/status/1660794019495174144
Mon May 22 23:45:22 +0000 2023,1660794009865060356,Prabowo mengatakan Indonesia menganut Sistem Pertahanan Rakyat Semesta yang memerlukan totalitas dan kemanunggalan TNI dengan rakyat. pilpres2024 dekade08 mendingprabowo terusmajubersamaprabowo,0,0,0,0,in,1635855110948683776,1660794009865060356,reifeiza,https://twitter.com/reifeiza/status/1660794009865060356
Mon May 22 23:44:05 +0000 2023,1660793687281111040,Prabowo sempat mengajak mereka ngobrol satu per satu. pilpres2024 dekade08 mendingprabowo terusmajubersamaprabowo,0,0,0,0,in,1635553892036644867,1660793687281111040,reginaoctav21,https://twitter.com/reginaoctav21/status/1660793687281111040
Mon May 22 23:44:01 +0000 2023,1660793669094617089,"harapan saya... semoga presiden 2024 nanti mampu mengatasi polusi udara PLN saat ini, setidaknya biar say bisa olahraga di luar ruang.... cc pak @aniesbaswedan , pak @ganjarpranowo  dan Pak @prabowo  ... saya pemilih pemula ini pak.... Bukan karena usia...",0,0,0,0,in,19223320,1660793669094617089,setelahkamu,https://twitter.com/setelahkamu/status/1660793669094617089
Mon May 22 23:43:47 +0000 2023,1660793612635111424,"Usai bersalaman warga, Menhan Prabowo menuju halaman Koramil di mana puluhan pasukan TNI telah berbaris menunggu kedatangannya. pilpres2024 dekade08 mendingprabowo terusmajubersamaprabowo",0,0,0,0,in,1635538928148299776,1660793612635111424,amaliazak,https://twitter.com/amaliazak/status/1660793612635111424
Mon May 22 23:43:47 +0000 2023,1660793611041259520,"@dhemit_is_back Kemaren liat podcastnya Panda Nababan, Prabowo udah lapor ke Jokowi bahwa ada markup sampe 400% di Kemenhan. Namun Jokowi tidak bereaksi, ada apa gerangan?",0,0,0,1,in,32334648,1660634189216247808,ozzy_sebastian_,https://twitter.com/ozzy_sebastian_/status/1660793611041259520
Mon May 22 23:42:26 +0000 2023,1660793269239058434,@kartarahardja Progam pak Prabowo yang diangkat bukan serang dengan cara tidak baik...,0,1,0,1,in,1149131056676626432,1660439993284964352,Sintoes_Degano5,https://twitter.com/Sintoes_Degano5/status/1660793269239058434
Mon May 22 23:41:43 +0000 2023,1660793088561004544,Emak-emak Teriak 'I Love You' saat Prabowo Tiba di Tanah Kelahiran SBY. pilpres2024 dekade08 mendingprabowo terusmajubersamaprabowo,0,0,0,0,in,1635517023689244672,1660793088561004544,dessyzav,https://twitter.com/dessyzav/status/1660793088561004544
Mon May 22 23:41:37 +0000 2023,1660793064129167360,"@Redgerbil5 @BosPurwa @prabowo @ganjarpranowo berpikiran positif,,yg penting ada daya dukung yg bagus,,Bpjs,,sekolah gratis,tranportasi ,jln terhubung,,perumahan ,kebutuhan 9pokok terjaga,,..lihat waktu covid...jgn remehin turis lokal,,lihat disemarang,solo,purworejo,kebumen.yg gerakin ekonomi ..budaya kok menjual lah njuul",0,1,0,0,in,1260125974571610112,1660276483552874496,Heripurwanto26,https://twitter.com/Heripurwanto26/status/1660793064129167360
Mon May 22 23:41:14 +0000 2023,1660792967827963904,"@AirinDatangLagi @prabowo Kita ini dilema bgt dlm pilpres tahun depan , pilihan nya begitu2saja",0,0,0,0,in,703768085958893570,1659940551867748352,antontanjaya15,https://twitter.com/antontanjaya15/status/1660792967827963904
Mon May 22 23:41:07 +0000 2023,1660792938430103552,"Malam ini telah hadir Menteri Pertahanan Pak Prabowo Subianto,"" kata Mulan. pilpres2024 dekade08 mendingprabowo terusmajubersamaprabowo""",0,0,0,0,in,1635502924922245121,1660792938430103552,salsabilalika1,https://twitter.com/salsabilalika1/status/1660792938430103552
Mon May 22 23:40:20 +0000 2023,1660792743889866753,"Konser Dewa 19 di Surabaya Dihadiri Prabowo, Ahmad Dhani Nyanyikan Lagu Ini. pilpres2024 dekade08 mendingprabowo terusmajubersamaprabowo",0,0,0,0,in,1634019214897053698,1660792743889866753,deva_ardina,https://twitter.com/deva_ardina/status/1660792743889866753
Mon May 22 23:40:01 +0000 2023,1660792662851719168,"Diprediksi Bakal Dukung Penuh Prabowo Subianto di 2024, Rocky Gerung Sebut Jokowi Terluka Direndahkan Megawati https://t.co/cTVwQ93m5c",0,0,0,1,in,30617522,1660792662851719168,WartaEkonomi,https://twitter.com/WartaEkonomi/status/1660792662851719168
Mon May 22 23:39:38 +0000 2023,1660792567158669313,"Selain dua hal itu, Hashim juga menyebut Prabowo bukan petugas partai, melainkan petugas rakyat Indonesia. pilpres2024 dekade08 mendingprabowo terusmajubersamaprabowo",0,0,0,0,in,1634037956293070848,1660792567158669313,miftah_putria,https://twitter.com/miftah_putria/status/1660792567158669313
Mon May 22 23:38:25 +0000 2023,1660792259468726274,@zhuLL_Thomadio @msaid_didu @aniesbaswedan Benar juga ya....diantara ke 3 capres...yang tidak pernah nyiyirin lawannya ya prabowo dan ganjar... Apakah berarti mereka lebih dewasa dalam berpolitik?,0,0,0,0,in,1079742325398499329,1660655776950636550,mr6906552664,https://twitter.com/mr6906552664/status/1660792259468726274
Mon May 22 23:38:19 +0000 2023,1660792233602453505,@prabowo Itu Kelasnya Cawapres Bukan Capres  ...   Itupun Gagal Mulu ....     Jangankan Persiden .        Wapres Saja Gagal ?        Selagi @fadlizon Masih Di Piara Gerindra Jangan Harap @prabowo Bisa Persiden ? https://t.co/ZFRL3v2WTy,0,0,0,0,in,1609829873396363264,1660792233602453505,JJhonpres,https://twitter.com/JJhonpres/status/1660792233602453505
Mon May 22 23:37:06 +0000 2023,1660791929691598849,3 Survei Terbaru Capres 2024: Prabowo VS Ganjar VS Anies - Head Topics #Prabowo #PrabowoUnggul https://t.co/gS3ofOuh0l,0,0,0,0,in,1110932693426954240,1660791929691598849,fathw25,https://twitter.com/fathw25/status/1660791929691598849
Mon May 22 23:37:06 +0000 2023,1660791927892226048,"Wacana Duetkan Prabowo-Gibran, Gerindra: Perlu Ada Pemikiran dan Kajian Serius - https://t.co/ew5SRuc3Mg #Prabowo #BangkitBersama https://t.co/ocSyvsXBnP",0,0,1,0,in,465423257,1660791927892226048,haelamarie,https://twitter.com/haelamarie/status/1660791927892226048
Mon May 22 23:37:05 +0000 2023,1660791922552881152,"BERITA FOTO: Gibran Bertemu Prabowo di Solo, DPP PDI-P Tak ... - Nasional https://t.co/5LpIx3OvE1 #Prabowo #PrabowoUnggul https://t.co/bSJpqENSut",0,0,0,0,in,1110932693426954240,1660791922552881152,fathw25,https://twitter.com/fathw25/status/1660791922552881152
Mon May 22 23:37:03 +0000 2023,1660791915758108672,"Di Kongres Fatayat NU, Emak-emak Doakan Prabowo Presiden 2024 - SINDOnews Nasional #Prabowo #PrabowoUnggul https://t.co/0HZnShm88x",0,0,0,0,in,1110932693426954240,1660791915758108672,fathw25,https://twitter.com/fathw25/status/1660791915758108672
Mon May 22 23:37:03 +0000 2023,1660791914357194752,"Ditanya Target Kursi Pemilu Legislatif 2024, Ini Jawaban Partai Gerindra Karimun - Tribun Batam #Prabowo #BangkitBersama https://t.co/Cg4ZzcCcj2",0,0,1,0,in,465423257,1660791914357194752,haelamarie,https://twitter.com/haelamarie/status/1660791914357194752
Mon May 22 23:36:58 +0000 2023,1660791895629660160,Hashim menyinggung tiga hal penting yang dimiliki Prabowo Subianto dibanding dua capres yang saat ini beredar di publik. pilpres2024 dekade08 mendingprabowo terusmajubersamaprabowo,0,0,0,0,in,1512228386139037700,1660791895629660160,HilmyInsani,https://twitter.com/HilmyInsani/status/1660791895629660160
Mon May 22 23:36:34 +0000 2023,1660791794676928513,Kedekatan Prabowo-Gibran Bikin PDIP Bereaksi https://t.co/oRzEmEIf8n,0,0,0,0,in,456426648,1660791794676928513,merdekadotcom,https://twitter.com/merdekadotcom/status/1660791794676928513
Mon May 22 23:35:33 +0000 2023,1660791540459925506,"Wacana Duetkan Prabowo-Gibran, Gerindra: Perlu Ada Pemikiran dan Kajian Serius https://t.co/ib90zLzm0l",0,0,0,4,in,47596019,1660791540459925506,liputan6dotcom,https://twitter.com/liputan6dotcom/status/1660791540459925506
Mon May 22 23:36:11 +0000 2023,1660791698317017092,Hashim Beber Keunggulan Prabowo Dibanding Capres Lainnya: Pro Olahraga. pilpres2024 dekade08 mendingprabowo terusmajubersamaprabowo,0,0,0,0,in,1544927157964914688,1660791698317017092,LutviaTarisa,https://twitter.com/LutviaTarisa/status/1660791698317017092
Mon May 22 23:36:30 +0000 2023,1660791779757801478,@alisyarief Nggak usah milih Ganjar atau Prabowo pilih saja Anis Baswedan untuk perubahan kedepan lebih baik Insya Allah menuju ke arah kesejahteraan dan berkeadilan serta kesetaraan.,0,0,1,4,in,1355107394,1660736966944784384,masdar_yanto,https://twitter.com/masdar_yanto/status/1660791779757801478
Mon May 22 23:34:37 +0000 2023,1660791304912273408,"@detikcom G pendukung Ahok, tp klo disuruh milih antara 2 pilihan Prabowo or Anies, g mending milih Prabowo wkwkwk",0,0,0,0,in,1085072616799404032,1660493184210698240,tnov_oey,https://twitter.com/tnov_oey/status/1660791304912273408
Mon May 22 23:34:37 +0000 2023,1660791303855296512,"Kontestasi 2024, GP menjadi satu-satunya yang orang biasa dan birokrat tanpa dinasti (fisik).  Ini menarik.  Prabowo dari Cendana, Anies selalu membanggakan A.R Baswedan PAI (Partai Arab Indonesia).  GP dari rahim wong cilik lagi yang tidak ada dinasti. #pemikiran",0,0,0,0,in,92409882,1660791303855296512,hannysetiawan,https://twitter.com/hannysetiawan/status/1660791303855296512
Mon May 22 23:33:38 +0000 2023,1660791058366894080,"@KakekHalal arahan partai dukung ganjar, dalam hati kan prabowo",0,0,0,0,in,105166603,1660599508320030722,RoyDelvin,https://twitter.com/RoyDelvin/status/1660791058366894080
Mon May 22 23:33:14 +0000 2023,1660790955287654400,@Moch_herianto Nah gininih yang malah buat nama pak prabowo jelek. Tim2nya gak keren bgt sih '(,0,0,0,0,in,115967508,1660535160553771008,bobbykul13,https://twitter.com/bobbykul13/status/1660790955287654400
Mon May 22 23:32:10 +0000 2023,1660790688529928192,"@Kemhan_RI Prabowo sangat dekat dengan NU, sejak masih jadi Danjen Kopassus sudah sering berkegiatan dengan NU khususnya Ansor",0,0,0,0,in,1331560148834213888,1660305205521698817,SHALAHU83850986,https://twitter.com/SHALAHU83850986/status/1660790688529928192
Mon May 22 23:31:41 +0000 2023,1660790565846515712,@BBerizik @ganjarpranowo @prabowo kok kayak bibir cewek gitu?üòÖ,0,1,0,0,in,1563278507567771649,1660526242473578496,rajasorituan,https://twitter.com/rajasorituan/status/1660790565846515712
Mon May 22 23:31:26 +0000 2023,1660790504722931712,"@SepadanM @Ndaxwz @prabowo @PDI_Perjuangan Bukan siapa siapa Brader , hanya seorang yg tadinya seorang diehard nya pendukung Ganjar , tetapi sekarang tidak lagi karena ternyata Ganjar tidak berani berdiri diatas semua aspirasi anak bangsa . Sesimpel itu Kamerad.",0,2,0,1,in,1366617421,1660637227523932160,tinggipasaribu,https://twitter.com/tinggipasaribu/status/1660790504722931712
Mon May 22 23:31:26 +0000 2023,1660790504383217664,@PartaiSocmed Prabowo -cak imin,0,0,0,0,in,1625886468135845888,1660159629584924674,TitiLina5,https://twitter.com/TitiLina5/status/1660790504383217664
Mon May 22 23:31:21 +0000 2023,1660790482463784960,"@Dennysiregar7 Mungkin kelurga bpk jokowi pada cinta bola  dan memimpin persepak bolaan di jateng, sedangkan ketum pdip dan gubernur jateng menolak piala dunia U22, bermaini di jateng, sehingga batal diselenggarakan di RI, oleh sebab itu keluarga pak Jokowi lebih simpatik ke bpk Prabowo",0,0,0,0,in,1617418130820825088,1660564137594740737,UdinNur47111137,https://twitter.com/UdinNur47111137/status/1660790482463784960
Mon May 22 23:31:04 +0000 2023,1660790410225274881,"@kompascom Setuju, mas @gibran_tweet kemungkinan besar udah dapet restu dari pak Jokowi dan kalkulasi sebelum ketemu pak Prabowo",0,0,0,0,in,145105148,1660783872748158976,yang_rajin,https://twitter.com/yang_rajin/status/1660790410225274881
Mon May 22 23:30:58 +0000 2023,1660790383918592000,"@C1ntaT4nahA1r3_ @There91194264 Rakyat Indonesia mana  yang mau pilih calon presiden, yang tidak berprestasi seperti Ganjar,Prabowo,Muhaimin ? Indonesia presidennya harus orang cerdas,berani serta memiliki rekam jejak Prestasi yaitu Anies Rasyid Baswedan.""",0,0,0,0,in,1509700424018063369,1660527071008010240,MocangTian,https://twitter.com/MocangTian/status/1660790383918592000
Mon May 22 23:30:44 +0000 2023,1660790324493713408,"@marzukialie_MA Apa bedanya pak Prabowo dgn sekarang , beliaunya menterinya pak jokowi, logika berpikir mestinya kebijakannya akan sama saja . Cara sederhana berpikir pilih Ganjar atau  Prabowo akn sama sj  dgn keadaan saat ini‚Ä¶ tinggal kita nyaman nggak dgn keadaaan sekarang ? Salam perubahan",0,0,0,0,in,1314352130703028224,1659873985436463106,sudarma70317676,https://twitter.com/sudarma70317676/status/1660790324493713408
Mon May 22 23:30:18 +0000 2023,1660790218365227009,@Hariyan77555830 @IMCMushroom Kenapa Prabowo bisa lepas tuduhan radikal radikul dan lainnya? Apakah krn pro rezim?,0,0,0,0,in,472116790,1660643935776124928,Tian_Tleman,https://twitter.com/Tian_Tleman/status/1660790218365227009
Mon May 22 23:29:46 +0000 2023,1660790082939527169,"@Chaves1305 @Paltiwest Kehadiran Gibran secara fisik pd acara deklarasi dukungan tersebut adlh bukti bahwa dia memang mendukung Prabowo, terlepas dari status dia sebagai Kader PDIP dan Walikota. Cuman Gibran telah melanggar etika politik!"";0;0;0;0;in;1603759397582213120;1660593644263591936;DilanDaewokas;https://twitter.com/DilanDaewokas/status/1660790082939527169
Mon May 22 23:29:45 +0000 2023;1660790080666206209;""BERKHIANAT TEMANI PRABOWO TEMUI RELAWAN JOKOWI. BERANIKAH PDIP PECAT GIBRAN?  https://t.co/Z0HUGxnrL0""",0,0,0,0,in,1616209097254375425,1660790080666206209,SsPasadena,https://twitter.com/SsPasadena/status/1660790080666206209
Mon May 22 23:29:03 +0000 2023,1660789903486255105,Cak Imin Tegaskan Tak Ada Nama AHY sebagai Cawapres KKIR - CNN Indonesia #Prabowo #PrabowoSubianto https://t.co/uE1KV8RU2J,0,0,2,0,in,1068101963059879936,1660789903486255105,AdrianaDaneen,https://twitter.com/AdrianaDaneen/status/1660789903486255105
Mon May 22 23:28:38 +0000 2023,1660789796661506049,"Saya pendukung Jokowi militan, tp skr saya fukung Prabowo, bkn berarti GP tdk baik tp saya tdk yakin GP bisa melanjutkam pembangunan yg dimulai Jokowi, krn dia jg sebagsi Petugas Psrtai,  kalo PS ketum partai,  Fadlizon saya anggab kartu mati.""",0,0,0,2,in,1383301453528244224,1660789796661506049,sukmawijaya91,https://twitter.com/sukmawijaya91/status/1660789796661506049
Mon May 22 23:28:05 +0000 2023,1660789661495857152,@yaniarsim @gibran_tweet Strategi PDIP ciamik banget. Ini strategi berdiri diatas 2 kaki yg tidak gampang di deteksi.klo sampai Gibran jd cawapresnya Prabowo ini akan jadi keuntungan ganda buat PDIP.Jadi klopun Ganjar kalah masih bisa berharap pada Gibran üòÇüòÇüòÇ,0,0,0,0,in,1490646477416251395,1660637102663688205,rochmanalex3,https://twitter.com/rochmanalex3/status/1660789661495857152
Mon May 22 23:26:23 +0000 2023,1660789233311965186,@ayomaju789 @ganjarpranowo @prabowo Sip..  Asal jangan anis,0,0,0,0,in,1336498517028716546,1660526242473578496,BBerizik,https://twitter.com/BBerizik/status/1660789233311965186
Mon May 22 23:26:17 +0000 2023,1660789208297119745,"Udah 2x Prabowo kalah , Pemilu 2024 inilah jatahnya untuk menang Kata Pak Jokowi https://t.co/C2JD3BjQPN",0,0,1,9,in,1481102448446283776,1660789208297119745,JulBayur3,https://twitter.com/JulBayur3/status/1660789208297119745
Mon May 22 23:25:46 +0000 2023,1660789077011226624,@danielht2009 @ganjarpranowo @prabowo Betul..  Licik diaüëçüëç,0,0,0,0,in,1336498517028716546,1660526242473578496,BBerizik,https://twitter.com/BBerizik/status/1660789077011226624
Mon May 22 23:25:43 +0000 2023,1660789064877080577,"Biarpun terasa ga logis Gibran dipasang jadi wakil Prabowo, tapi kalaulah dagelan itu jadi nyata, fix tak ada satupun alasanku memilih Prabowo",0,0,0,0,in,189171148,1660789064877080577,EmosiBangsa_,https://twitter.com/EmosiBangsa_/status/1660789064877080577
Mon May 22 23:24:39 +0000 2023,1660788795137216512,@karnaNya @ganjarpranowo @prabowo Khas dia waktu ngibul,0,0,0,0,in,1336498517028716546,1660526242473578496,BBerizik,https://twitter.com/BBerizik/status/1660788795137216512
Mon May 22 23:24:22 +0000 2023,1660788725495001089,"@Jelli_cent @prabowo Pantes @prabowo  kalah Mulu,, kualitas timnya kayak gini..",0,0,0,0,in,838005088408875008,1660251191429967872,AaHermawan16,https://twitter.com/AaHermawan16/status/1660788725495001089
Mon May 22 23:23:16 +0000 2023,1660788449501388800,@Ahwal08 @saiful_mujani @yunartowijaya Monggo dipersilahkan komennya. Bebas. Apapun komennya tetap #Prabowo pilihanku Presiden 2024,0,0,0,0,in,1189039138835554304,1660749435054456832,BANGSAygSUJUD,https://twitter.com/BANGSAygSUJUD/status/1660788449501388800
Mon May 22 23:23:09 +0000 2023,1660788419403059200,"Efek Gibran Hadiri Deklarasi Prabowo, Arya Bima PDIP Tegas: Saya Pastikan Buntutnya Tak Akan Panjang! https://t.co/v7LuQreHRn",0,0,0,0,in,261160000,1660788419403059200,Newstagar,https://twitter.com/Newstagar/status/1660788419403059200
Mon May 22 23:22:53 +0000 2023,1660788350171889664,PRABOWO MAHFUD FOR RI 1 üáÆüá©üáÆüá©üáÆüá©üáÆüá©üáÆüá© https://t.co/6endTFwdoU,0,0,0,0,in,1505137952053071874,1660788350171889664,benzo_vic,https://twitter.com/benzo_vic/status/1660788350171889664
Mon May 22 23:22:35 +0000 2023,1660788276968710145,"@123ardhan @Dennysiregar7 Berarti Prabowo bodoh dong, minta Gibran jd cawapresnya.",0,0,0,0,in,1629786994091110401,1660658490992640000,DuduAku16,https://twitter.com/DuduAku16/status/1660788276968710145
Mon May 22 23:20:19 +0000 2023,1660787704144211968,"@susieeeID @AntiPekines @Gerindra @prabowo Alhamdulillah setau saya bersaksi bahwa partai UMMAT @DPP_PartaiUmmat sejauh ini tidak ada yang namanya Mahar"",benar2 melalui seleksi,banyak yg berintegritas dari UMMAT""",0,0,0,0,in,1534819411940429825,1660653325518356486,indowfofficial,https://twitter.com/indowfofficial/status/1660787704144211968
Mon May 22 23:20:10 +0000 2023,1660787666147999746,"@okyike @AntiPekines @Gerindra @prabowo caleg berkontribusi dalam membuat  merancang tentang UU, ada banyak hal harus masuk ke legislatif, gimana bilang gak penting? ada juga pelantikan pejabat tertentu harus persetujuan leg2, bahkan bisa juga leg2 me makzul kan RI1 kalau kinerja menyimpang.",0,0,0,0,in,707897168,1660653325518356486,susieeeID,https://twitter.com/susieeeID/status/1660787666147999746
Mon May 22 23:20:02 +0000 2023,1660787634040614912,Ketua Umum Partai Gerindra Prabowo Subianto akhirnya mengungkap alasannya mau bergabung dengan kabinet Presiden Jokowi setelah kalah dalam Pilpres 2019.   #Sindonews #news .https://t.co/l09nwW94Nd,0,0,0,3,in,231355136,1660787634040614912,SINDOnews,https://twitter.com/SINDOnews/status/1660787634040614912
Mon May 22 23:19:04 +0000 2023,1660787390234112001,@_palungmariana @AnlegBK_DPRRI @setkabgoid @KemensetnegRI @MPRRI @DivHumas_Polri @KPK_RI @KejaksaanRI @ganjarpranowo @erickthohir @prabowo Kalo di parpol kita bisa cek yg selama ini bnyk menolak uu yg merugikan rakyat partai apa? Krn amanat reformasi tdk bisa diandalkan dng  perorangan. Berjuang sendiri tdk akan kuat dng byk goda'an.,0,1,0,0,in,2611961648,1660639726834188288,muhammadambia3,https://twitter.com/muhammadambia3/status/1660787390234112001
Mon May 22 23:18:24 +0000 2023,1660787222608769024,Benarkah Prabowo Temui Gibran untuk Dongkrak Kepentingan Politik? https://t.co/yphJhVJSmx,0,0,0,0,in,598959076,1660787222608769024,20detik,https://twitter.com/20detik/status/1660787222608769024
Mon May 22 23:17:45 +0000 2023,1660787060528254976,@Jelli_cent @tono14045 @prabowo wkwk...üòÅüòÅüí¶,0,0,0,0,in,1568876444633436161,1660251191429967872,abdulazis99999,https://twitter.com/abdulazis99999/status/1660787060528254976
Mon May 22 23:17:28 +0000 2023,1660786986716921857,@JebuelMania900 2 kali fatwa untuk Prabowo cuma dapat tipuan sujud syukur.. ü§£ü§£ü§£,0,0,0,0,in,600715068,1660277069354504192,solor_,https://twitter.com/solor_/status/1660786986716921857
Mon May 22 23:17:16 +0000 2023,1660786938851520514,"Ayo mas kita ubah strategi, lawan kita bukan Anies tp Prabowo. üôèüôè",0,0,0,0,in,1660639227506462720,1660786938851520514,sapiens1196783,https://twitter.com/sapiens1196783/status/1660786938851520514
Mon May 22 23:16:57 +0000 2023,1660786856987074561,"@tvOneNews JOKOWI SENGAJA MEMBUAT ELEKTABILITAS GANJAR DAN PRABOWO BERSAING KETAT, DENGAN CARA INI ELEKTABILITAS ANIS MAKIN MELOROT..",0,0,0,0,in,369311266,1660667062099013632,borja_juanborja,https://twitter.com/borja_juanborja/status/1660786856987074561
Mon May 22 23:16:47 +0000 2023,1660786816545591296,"Ket wingi isine gur do mbanding ke Ganjar, anis, prabowo.. mulai jeleh nyuk!!",0,0,0,0,in,368139489,1660786816545591296,kunto_LH,https://twitter.com/kunto_LH/status/1660786816545591296
Mon May 22 23:16:36 +0000 2023,1660786767778447361,"@Ndaxwz @prabowo @PDI_Perjuangan Andai saja bukan Gibran orangnya, si Hasto sudah pasti marah2, beri peringatan keras dan menjilat Ibu Ketum sampai glowing.",0,1,0,1,in,1603538645457457152,1660637227523932160,irwanka5,https://twitter.com/irwanka5/status/1660786767778447361
Mon May 22 23:16:26 +0000 2023,1660786727550877696,"Politisi Senior PDIP Kecam Tindakan Gibran Temui Prabowo: Memalukan, Belajar Lagi Pendidikan Politik https://t.co/CBsMsov5kc lewat @tribunkaltim   #PDIP #gibran #PrabowoSubianto #Pilpres2024",0,0,0,0,in,103551225,1660786727550877696,tribunkaltim,https://twitter.com/tribunkaltim/status/1660786727550877696
Mon May 22 23:16:25 +0000 2023,1660786722102476800,"@Leonita_Lestari Sepertinya pertemuan gibran dgn prabowo kemarin memberi efek kejut yg sangat besar kepada PDIP, dan untungnya.. Ketika gibran dipanggil PDIP, hasto tidak mengeluarkan pernyataan keras, hanya memberi buku yg mana bisa diartikan, ayok mas gibran, jangan menyimpang dr mamak banteng""",0,0,0,0,in,259408655,1660530459942752256,akmalbariq,https://twitter.com/akmalbariq/status/1660786722102476800
Mon May 22 23:16:04 +0000 2023,1660786634554769411,"@bosedii @bengkeldodo @Ahwal08 @Alie_Fahnoor @AndreasSolusi @are_inismyname @florieliciouss @Kimberley_2024 @Ndons_Back @propaganda_99 @prabowo Ah kamu, bisa ajah. Allah aja memuliakan ayah #Prabowo kamu koq malah menghina. Apa mase lebih mulia ketimbang Allah?",0,1,0,3,in,1189039138835554304,1660610646638211074,BANGSAygSUJUD,https://twitter.com/BANGSAygSUJUD/status/1660786634554769411
Mon May 22 23:12:33 +0000 2023,1660785749116215296,"Walikota Solo, Gibran Rakabuming Raka @gibran_tweet memenuhi panggilan DPP PDIP di Jalan Diponegoro, Jakarta Pusat, Senin (22/5) untuk menjelaskan perihal menemani Capres sekaligus Ketua Umum Gerindra Prabowo Subianto saat bertemu relawan di Omah Semar  https://t.co/1WN86gdLtT",1,0,0,0,in,2655442453,1660785749116215296,nusabalicom,https://twitter.com/nusabalicom/status/1660785749116215296
Mon May 22 23:08:44 +0000 2023,1660784789832728576,"@KakekHalal Ya bisa ajah gibran depan pdip ngomong gitu, tapi siapa tg tau di saat pncoblosan givran dan semua relwan jokoi nyoblos prabowo, haha kasian den ganjar udah gk adaprestasi modal lari pagi di lembaga surve tinggi realtia di bawah 15 persen, gw kasi tau ya rakyat skrg udah pinter",0,0,0,0,in,1616580495357411329,1660649481665388544,beyza_ibay,https://twitter.com/beyza_ibay/status/1660784789832728576
Mon May 22 23:08:41 +0000 2023,1660784778743009280,Relawan Bukan Fans Club: Ganjar atau Prabowo https://t.co/OXMfyflKzl,0,0,0,0,in,59005400,1660784778743009280,errisubakti,https://twitter.com/errisubakti/status/1660784778743009280
Mon May 22 23:07:51 +0000 2023,1660784568721633280,"@garisKOTOR2020 @jansen_jsp @SBYudhoyono @prabowo Siap2 pabrik cat genjot produksi jika anis jadi presiden,atap rumah warga dan pinggir jalan. Akan dicat  semua oleh menteri pupr era anis",0,1,0,0,in,1096709840875937792,1659820040986980352,Dekki08828848,https://twitter.com/Dekki08828848/status/1660784568721633280
Mon May 22 23:07:18 +0000 2023,1660784431395934250,"Panggil Gibran Usai Bertemu Prabowo, PDIP Gali Perubahan Haluan Relawan Jokowi https://t.co/QwBWQtyJdp",0,0,0,0,in,261160000,1660784431395934250,Newstagar,https://twitter.com/Newstagar/status/1660784431395934250
Mon May 22 23:07:01 +0000 2023,1660784356426932225,@Subur0204 Setidaknya suara dukungan ke Ganjar merosot...beralih ke Prabowo. Efeknya...Ganjar pasti kalah....suara @PDI_Perjuangan tergerus.,0,0,0,2,in,1639157189792378882,1660782969567711232,HendZiddane,https://twitter.com/HendZiddane/status/1660784356426932225
Mon May 22 23:06:49 +0000 2023,1660784307336777728,@Dennysiregar7 Memang sudah saatnya jokowi membalas kebaikan prabowo.. Mumpung masih jd presiden,0,0,0,0,in,1289880832925028354,1660551870341865472,AgungTaqiyya,https://twitter.com/AgungTaqiyya/status/1660784307336777728
Mon May 22 23:06:23 +0000 2023,1660784200461746178,PDIP soal Gibran Bertemu Prabowo: Yang Penting Dia Tunduk ke Partai https://t.co/vb1BMpNR7V,0,2,7,29,in,17128975,1660784200461746178,CNNIndonesia,https://twitter.com/CNNIndonesia/status/1660784200461746178
Mon May 22 23:06:07 +0000 2023,1660784130140049408,"@SurgoSugih @BosPurwa @prabowo @ganjarpranowo Agar dapat pembagian baju setiap kampanye, keren lu bang",0,0,0,0,in,1166154578770812929,1660276483552874496,Bani___Adam,https://twitter.com/Bani___Adam/status/1660784130140049408
Mon May 22 23:05:03 +0000 2023,1660783862472134656,"@AntiPekines @Gerindra @prabowo Coblos anggota partai ga penting krn modusnya d mulai dr bergabung dan terpilih sbg anggota legislatif  Kmungkinan smua partai lakukan hal yg sama  Mending langsung pilih presiden aja udah jelas terlihat kinerja nya slama ini, mana yg bagus dan mana yg gemagus",0,1,0,1,in,192842311,1660653325518356486,okyike,https://twitter.com/okyike/status/1660783862472134656
Mon May 22 23:04:33 +0000 2023,1660783739063136256,Wacana Duet Prabowo Gibran #TempoGrafis https://t.co/CIFBlYc4Gc,0,3,1,3,in,18129942,1660783739063136256,tempodotco,https://twitter.com/tempodotco/status/1660783739063136256
Mon May 22 23:01:22 +0000 2023,1660782937846198272,"@Dennysiregar7 Liat tuh penjilat gitu, berharap prabowo menang pengen jadi komisaris lagi krn kalo di kuburan ganjar jelas udah kartu mati, si era jokowi dipecat.",0,0,0,1,in,2177127306,1660681587397390337,AdjiMarulloh,https://twitter.com/AdjiMarulloh/status/1660782937846198272
Mon May 22 23:01:07 +0000 2023,1660782872951939072,@erwinmanggala @Gerindra @prabowo Nah iya bener..,0,0,0,0,in,1398053732735016966,1659800717530632192,noissz2,https://twitter.com/noissz2/status/1660782872951939072
Mon May 22 23:00:00 +0000 2023,1660782593804218368,"@budimandjatmiko @Leonita_Lestari @TeddGus  @Dennysiregar7 @__AnakKolong @GunRomli  @Uki23   Melihat videonya tersenyum ketika adik prabowo sebut ganjar doyan bokep, disitu saya yakin dia benar2 penjilat ulung.  https://t.co/c6GA9P4cx7",0,0,0,0,in,1316988731593617410,1660781803014340609,yngwieocalasty1,https://twitter.com/yngwieocalasty1/status/1660782593804218368
Mon May 22 22:58:49 +0000 2023,1660782296415481856,"@nawatyas_ @arthur_afleck @PartaiSocmed @mohmahfudmd @susipudjiastuti @prabowo Bowo tukang jilat,macan ompong ..",0,0,0,0,in,1163321951588212737,1660595523680874496,bittzone,https://twitter.com/bittzone/status/1660782296415481856
Mon May 22 22:58:13 +0000 2023,1660782145219211265,@Dennysiregar7 Kalau pecinta jokowi sih pasti bakal pilih prabowo - gibran lah..jelas2 gibran itu penerus jokowi..ngapain pilih ganjar klo ada gibran,0,0,0,2,in,1607172509060960257,1660658490992640000,dickydesi12,https://twitter.com/dickydesi12/status/1660782145219211265
Mon May 22 22:57:58 +0000 2023,1660782080098471936,"@__AnakKolong Tunjukin aja prestasi calon lo, bukan narasi basi yg di bangun, waktu Prabowo maju gerombolan lo ngomongnya sama dengan dalih TNI pecatan dan dalang penculikan.",0,0,0,0,in,2289000092,1660615406594457600,lae_dan,https://twitter.com/lae_dan/status/1660782080098471936
Mon May 22 22:57:35 +0000 2023,1660781983390216195,"@gibran_tweet Kalo bener mas gibran dukung pak prabowo di pilprws 2024,pdip masih mau ngusung lagi gak yak jadi walkot yg ke 2 periode ??wkwk",0,0,0,0,in,1115856195112271872,1660483368256172032,indra80166678,https://twitter.com/indra80166678/status/1660781983390216195
Mon May 22 22:56:12 +0000 2023,1660781636034924545,"@SINDOnews @ANDINURPATI3 Prabowo,Ganjar,Muhaimin,Airlangga tdk punya rekam jejak prestasi apa yg mereka lakukan selama menjabat? Anies Jelas telah membuat Warga masyarakat Jakarta puas dgn kepemimpinannya selama 5 Tahun jadi Gubernur DKI Ibu Kota Indonesia.Oleh karenanya Anies layak maju sebagai Presiden",0,0,0,0,in,1509700424018063369,1660439086983938048,MocangTian,https://twitter.com/MocangTian/status/1660781636034924545
Mon May 22 22:56:12 +0000 2023,1660781635548385280,"Panglima anti korupsi terbaik,... hayohh partai mana @PDI_Perjuangan @Gerindra @ganjarpranowo @prabowo yg berani cawapreskan prof @mohmahfudmd https://t.co/ch5KGGm1CT",0,0,0,0,in,1397546059,1660781635548385280,BangIssan,https://twitter.com/BangIssan/status/1660781635548385280
Mon May 22 22:55:48 +0000 2023,1660781534465626112,"@KaredokLeunca__ @PDI_Perjuangan @AdianNapitupul1  dgn kata lain, Ibu Mega khawatir @gibran_tweet menggerakkan orang-orang memilih @prabowo   terus terang, Magnet"" di Pilpres kali ini adalah @jokowi &amp  @gibran_tweet , bukan partai-partai lagi.  karena Pilpres Indonesia itu memilih ""Sosok"", bukan memilih partai. https://t.co/yYxCZxSzqQ""",0,0,0,0,in,1170189190073479169,1660683965550964736,NormanB99623558,https://twitter.com/NormanB99623558/status/1660781534465626112
Mon May 22 22:55:35 +0000 2023,1660781481848107009,@budimandjatmiko Yahh ini mah diskusi sudah pasti prabowo lg prabowo lg  jd bahan nyaüòÇüòÇ,0,0,0,0,in,524092233,1660511328396783616,inank420,https://twitter.com/inank420/status/1660781481848107009
Mon May 22 22:55:00 +0000 2023,1660781335945043968,@PartaiSocmed Prabowo muhaimin wait menang,0,0,0,0,in,1634942930908741634,1660159629584924674,MawarBe26617851,https://twitter.com/MawarBe26617851/status/1660781335945043968
Mon May 22 22:53:21 +0000 2023,1660780919815303171,@Tan_Mar3M Lo pendukung Prabowo apa Anis?,0,0,0,0,in,1229755413832200192,1660609632254193665,JohnSuparjo,https://twitter.com/JohnSuparjo/status/1660780919815303171
Mon May 22 22:51:14 +0000 2023,1660780387835215872,"@KakekHalal Prabowo kalah 2x karna lawannya Jokowi, sekarang GP levelnya masih jauh di bawah Jokowi, kalo sampe ke putaran kedua kayaknya berat sih, apalagi banyak pemilih Jokowi yg non partai gak minat sama GP",0,0,0,0,in,1565502786166349825,1660542847370805250,aliq_cm,https://twitter.com/aliq_cm/status/1660780387835215872
Mon May 22 22:50:49 +0000 2023,1660780281387941888,Wah punya siapa nih?? üòÅüòÅüòÇüòÇ  Jelas ya dibayar üòÅüòÅ @prabowo @aniesbaswedan @ganjarpranowo @PDI_Perjuangan @PKSejahtera @Gerindra  Makanya jangan bangga kalian dengan survai survei kalo duit yang bicara si. https://t.co/GsU9GMuyjo,0,0,0,2,in,1084569967394095104,1660780281387941888,_bangagoengDuA,https://twitter.com/_bangagoengDuA/status/1660780281387941888
Mon May 22 22:50:33 +0000 2023,1660780213914173442,Gerindra Beberkan Isi Pertemuan Prabowo dan SBY di Pacitan - detikcom LANJUTKAN !!! https://t.co/FNag48MP27,0,0,0,0,in,578237903,1660780213914173442,Rep_Indonesia1,https://twitter.com/Rep_Indonesia1/status/1660780213914173442
Mon May 22 22:49:46 +0000 2023,1660780016375070720,"@Dennysiregar7 Prabowo salah sih, harusnya ente yang di ajak jadi wapresnya bro....",0,0,0,1,in,2460554580,1660658490992640000,iwanaditya32,https://twitter.com/iwanaditya32/status/1660780016375070720
Mon May 22 22:49:45 +0000 2023,1660780012709253120,tetap pak prabowo di era pak ganjarrüôèüèª,0,0,0,0,in,1085590617021792257,1660780012709253120,icesusell,https://twitter.com/icesusell/status/1660780012709253120
Mon May 22 22:49:08 +0000 2023,1660779857931030530,@AntiPekines @Gerindra @prabowo Braga Braga. Lu mah mendeskreditkan satu partai. Bukannya hampir semua partai begitu? Braga Braga. Agen Ganjar mania kamuu,0,2,0,1,in,1604692818098008064,1660653325518356486,AgusDulhadi,https://twitter.com/AgusDulhadi/status/1660779857931030530
Mon May 22 22:48:41 +0000 2023,1660779743636254722,"@MurtadhaOne1 @KemenPU Lucunya kok nyerang Jokowi? Pdhl  capres nya Ganjar ma Prabowo, fix otaknya sungsang terus sampe 2024 wkwkwkwk",0,0,0,0,in,1125066037345406983,1660217928984461313,JailaniKodier,https://twitter.com/JailaniKodier/status/1660779743636254722
Mon May 22 22:48:20 +0000 2023,1660779655484325892,Megawati Soekarnoputri Akhirnya Ingatkan Gibran Rakabuming Gara-gara Makan Malam dengan Prabowo  https://t.co/ddusHcvrEE via @tribunmedan,0,0,0,0,in,142305302,1660779655484325892,tribunmedan,https://twitter.com/tribunmedan/status/1660779655484325892
Mon May 22 22:48:11 +0000 2023,1660779618172035073,"@KakekHalal Kakek goblok, kalau lu nuduh prabowo itu penculik dlsb sama aja lu  ngolokin junjungan lu yg notabene bapaknya gibran  mempercayai  Prabowo sbg mentrinya.. tolol lu pamer2in..",0,1,0,2,in,1481927424615280642,1660649481665388544,kertonsaja,https://twitter.com/kertonsaja/status/1660779618172035073
Mon May 22 22:46:27 +0000 2023,1660779181763067905,"Politisi Senior PDIP Kritik Langkah Gibran yang Temui Prabowo: Mempermalukan, Terlampau Riskan   https://t.co/dqOsTUMhP1 via @tribunnews",1,3,1,1,in,124171593,1660779181763067905,tribunnews,https://twitter.com/tribunnews/status/1660779181763067905
Mon May 22 22:46:16 +0000 2023,1660779136124846080,"Media kadrun mengungkit ponakan Prabowo yang pernah viral sebagai pemeran adegan porn, no link hoax druun",0,0,0,0,in,1237003389369630720,1660779136124846080,RMSaid2,https://twitter.com/RMSaid2/status/1660779136124846080
Mon May 22 22:45:07 +0000 2023,1660778846579486723,"@Dennysiregar7 Trus kalo Prabowo menang, Densus 88 akan dibubarkan Si Ikan Buntal",0,0,0,0,in,1266573875258650624,1660651892551172099,Adhim3El,https://twitter.com/Adhim3El/status/1660778846579486723
Mon May 22 22:44:57 +0000 2023,1660778803382345729,"@Dennysiregar7 Hebat juga prabowo,bisa bikin buzzer pecah",0,0,0,0,in,1385605974929534978,1660631707756941313,GantengJonru,https://twitter.com/GantengJonru/status/1660778803382345729
Mon May 22 22:43:15 +0000 2023,1660778378398691328,@iwanfals Ridwan Kamilnya mana?  Jokowi belum memutuskan capres jagoannya.  Kenapa belum memutuskan? Karena yang dijagokan oleh Jokowi belum dibacapreskan.  Berarti bukan GAP. GAP = Ganjar Anies Prabowo.,0,1,0,0,in,117449840,1660675357190803457,M_Zulfan_Z,https://twitter.com/M_Zulfan_Z/status/1660778378398691328
Mon May 22 22:42:49 +0000 2023,1660778268742807553,Dipastikan Prabowo menang mendapat dukungan kampret. kadrun. dan Cebong https://t.co/isq5yyKNXI,0,0,0,2,in,1481102448446283776,1660778268742807553,JulBayur3,https://twitter.com/JulBayur3/status/1660778268742807553
Mon May 22 22:40:21 +0000 2023,1660777648946315264,"@Munir_Timur tetep aja ga bakal menang, ama prabowo aja ga bakal menang, apa lagi ditambah ganjar , anies unggul di jabotabek doang",0,0,0,0,in,1470623356235890688,1660490358831333378,azharirossi1,https://twitter.com/azharirossi1/status/1660777648946315264
Mon May 22 22:39:45 +0000 2023,1660777497393496064,"@_palungmariana @AnlegBK_DPRRI @setkabgoid @KemensetnegRI @MPRRI @DivHumas_Polri @KPK_RI @KejaksaanRI @ganjarpranowo @erickthohir @prabowo Reformasi mengantarkan mereka duduk diparlemen,Tapi lupa dgn tujuan reformasi.klu dilihat kerugian dan org yg kehilangan kerja,tdk sesuai dgn adanya reformasi,nyesek https://t.co/Vsf0OfD5pI yg disimpan pa kivlan sgt jelas,siapa yg diuntungkan.",0,1,0,1,in,1415562643952209921,1660639726834188288,tafakkur12,https://twitter.com/tafakkur12/status/1660777497393496064
Mon May 22 22:38:47 +0000 2023,1660777250919440384,@AntiPekines @msaid_didu @Gerindra @prabowo yah kader grassroot mati matian belain... di elitnya mainan duit pencalegan hehe,0,0,0,0,in,125579184,1660653325518356486,imamer,https://twitter.com/imamer/status/1660777250919440384
Mon May 22 22:38:40 +0000 2023,1660777225229324288,@AntiPekines @msaid_didu @Gerindra @prabowo Coba Tanya Bung @andre_rosiade  untuk sumbar berlaku juga ga nih..?,0,0,0,0,in,2336901510,1660653325518356486,AgusChandri,https://twitter.com/AgusChandri/status/1660777225229324288
Mon May 22 22:38:06 +0000 2023,1660777079821193216,Bukannya Prabowo akan kena prank lg untuk kesekian kalinya ? Licik atau gak faham ?,0,0,0,0,in,965498443606061056,1660777079821193216,iwanHer53286356,https://twitter.com/iwanHer53286356/status/1660777079821193216
Mon May 22 22:36:40 +0000 2023,1660776721036251136,"@ch_chotimah2 Mending jadi walikota Solo aja, gantiin Gibran yang mau jadi cawapres Prabowo",0,0,0,0,in,78244638,1660506874528276480,sirianella_,https://twitter.com/sirianella_/status/1660776721036251136
Mon May 22 22:36:20 +0000 2023,1660776637225635841,3 Survei Terbaru Capres 2024: Prabowo VS Ganjar VS Anies https://t.co/X4ISIfLKOR,0,2,2,1,in,847372542830444544,1660776637225635841,cnbcindonesia,https://twitter.com/cnbcindonesia/status/1660776637225635841
Mon May 22 22:36:01 +0000 2023,1660776555302498306,@RD_4WR1212 Prabowo gk punya istri,0,0,0,0,in,1505270544824156160,1660513023931613184,diraba_dilumat,https://twitter.com/diraba_dilumat/status/1660776555302498306
Mon May 22 22:35:07 +0000 2023,1660776330299064320,"Kalo soal foto2 anies masih kalah gaya sama bapak baju putih itulah. Urusan foto foto, paling sederhana ya prabowo.",0,1,1,1,in,105123232,1660776330299064320,vstyx,https://twitter.com/vstyx/status/1660776330299064320
Mon May 22 22:34:34 +0000 2023,1660776190226079744,"Safari Politik Prabowo Subianto, dari Bertemu Ulama, Relawan Hingga Politisi https://t.co/5v8M6lHwTv",0,0,0,1,in,456426648,1660776190226079744,merdekadotcom,https://twitter.com/merdekadotcom/status/1660776190226079744
Mon May 22 22:34:11 +0000 2023,1660776093383819264,"@tvOneNews Model gini mau jadi Presiden ,Pidato hasil kerja Jokowi aja salah bahaya NKRI bubar Nkri Bahluul Jadi Presiden orang ini , Dicariin dana ama Paloh ketahuan korupsi 10 T di Kominfo ,Cuma 2 yng pantas GANPRAB itu  ,Prabowo sudah matang pengalaman nya",0,0,0,0,in,1554179511218237440,1660419583004807171,Kinzhal10,https://twitter.com/Kinzhal10/status/1660776093383819264
Mon May 22 22:33:46 +0000 2023,1660775991088926720,"@ProoFaris29119 @Chaves1305 @Yuliant72951542 ahaaaha udah gitu aja aahah. memng harus di modali lah , kurasa waktu prabowo gebrak meja , otakmu kenak. dia itu panggilan sejarah , smart,tegas,dan jis wkwk",0,1,0,0,in,1557683859004674048,1660676367619624960,ammar59385512,https://twitter.com/ammar59385512/status/1660775991088926720
Mon May 22 22:33:29 +0000 2023,1660775919592820737,"@Dennysiregar7 @ganjarpranowo @prabowo @aniesbaswedan Eeeeeeee,si dani cari majikan baru.",0,0,0,0,in,1572541086287155201,1657257438171795456,QMuliyono,https://twitter.com/QMuliyono/status/1660775919592820737
Mon May 22 22:33:24 +0000 2023,1660775897090363392,"@wilijantoEP Pak @jokowi pak @prabowo , gimana ini pak ???",0,0,0,0,in,1641461830165082112,1660514336140591106,nawatyas_,https://twitter.com/nawatyas_/status/1660775897090363392
Mon May 22 22:32:33 +0000 2023,1660775682182647810,"@Ndaxwz @prabowo @PDI_Perjuangan dan..Gibran pasti tau bhw ak Prabowo itu tulus, dan bs menghargai Presiden dan kluarganya",0,0,0,1,in,1642345189502222336,1660637227523932160,ProoFaris29119,https://twitter.com/ProoFaris29119/status/1660775682182647810
Mon May 22 22:26:57 +0000 2023,1660774274205110276,Adik Prabowo Sentil Capres yang Gemar Nonton B*kep dan Antibola https://t.co/Q1WOYXAKDu,0,0,0,0,in,261160000,1660774274205110276,Newstagar,https://twitter.com/Newstagar/status/1660774274205110276
Mon May 22 22:26:27 +0000 2023,1660774148547956737,@Dennysiregar7 Intinya mereka cari aman ganjar atau prabowo siapapun yg menang yg penting saya dan keluaga aman,0,0,0,0,in,1553575659846664193,1660551870341865472,PatihZulham,https://twitter.com/PatihZulham/status/1660774148547956737
Mon May 22 22:25:34 +0000 2023,1660773925364830209,@wilijantoEP Hello @prabowo  Hello @Gerindra   Wkwkwkwkwkwk,0,0,0,1,in,1109302917914202118,1660514336140591106,SuryaIr02334994,https://twitter.com/SuryaIr02334994/status/1660773925364830209
Mon May 22 22:23:44 +0000 2023,1660773465732022272,Foreder Kritik Keras Alasan dan Klaim 90% Relawan Jokowi Dukung Prabowo https://t.co/kOmD0qmvIQ,0,0,0,2,in,154102750,1660773465732022272,Beritasatu,https://twitter.com/Beritasatu/status/1660773465732022272
Mon May 22 22:23:12 +0000 2023,1660773332164423680,"DiLain Hal Buzzer Rp Khususnya SiDensi Itu DiLema, Karena Belum Bisa Memprediksi Sosok Jokowi Itu Kemana Arah Politiknya, Antara Mendukung Prabowo Atau Ma Banteng. Adapun Sebelumnya SiDensi Menyerang Kader Ma Banteng, Sekarang Justru Memprioritaskan Menyerang Prabowo ü§£ü§£ü§£",0,0,0,0,in,1490014209840533511,1660773332164423680,AnsyariNasrull2,https://twitter.com/AnsyariNasrull2/status/1660773332164423680
Mon May 22 22:21:43 +0000 2023,1660772957537574912,@gibran_tweet Lawong cuma mangan¬≤ sama prabowo kok PDIP munyeng üòÜ üòÜ,0,0,0,0,in,1088206593726922753,1660591660487831552,Cyp_bob,https://twitter.com/Cyp_bob/status/1660772957537574912
Mon May 22 22:20:47 +0000 2023,1660772725026349056,@DokterTifa @prabowo Siapa elu? Kasih masukan ke PS? Spt ilmuwan tp ternyata loe cuma dokter  pengangguran yg bisa cuap2 dan nol prestasi.Profesor aja nggak ngomong spt ini....merasa hebat....ü§™ü§™ü§™,0,0,0,0,in,775987502,1659369744720601088,reni2704,https://twitter.com/reni2704/status/1660772725026349056
Mon May 22 22:20:26 +0000 2023,1660772633087016964,@AndiSinulingga apa lagi yg harus diketahui publik luas tentang yohanies dan @prabowo? https://t.co/4CYsaqxZHP,0,0,0,0,in,926707636468199424,1660772633087016964,koecing_pasar,https://twitter.com/koecing_pasar/status/1660772633087016964
Mon May 22 22:19:13 +0000 2023,1660772328144519170,@BBerizik @ganjarpranowo @prabowo Kebiasaan dia menjilat bibirnya saat berbicara mengingatkan kebiasaan ular yang selalu menjulur lidahnya. Kelicikan dia seperti ular.,0,1,0,2,in,57570619,1660526242473578496,danielht2009,https://twitter.com/danielht2009/status/1660772328144519170
Mon May 22 22:17:45 +0000 2023,1660771959083528193,"Masa sih dipecat,  seandai nya Ganjar Mangkrak di putaran pertama, Gibran kan masih digunakan PDIP koalisi lagi dh Gerindra untuk dukung  Prabowo pada putaran ke 2 ngelawan Anies.",0,0,0,2,in,964364028,1660771959083528193,iman100017,https://twitter.com/iman100017/status/1660771959083528193
Mon May 22 22:17:23 +0000 2023,1660771868109058048,@Anak__Ogi Tidak memilih partai dan politisi yg menolak pildun u-20 kemarin!!!  Pak Prabowo tidak pernah hianati Pak Jokowi dan Pak Prabowo malah sangat menghormati Pak Jokowi.,0,1,0,2,in,1653016001834000385,1660615155976404992,NilaWati375469,https://twitter.com/NilaWati375469/status/1660771868109058048
Mon May 22 22:15:56 +0000 2023,1660771503057829888,@Ndaxwz @prabowo @PDI_Perjuangan Mantap üòÑüëç,0,0,0,1,in,1320867258550292480,1660637227523932160,BSoma277,https://twitter.com/BSoma277/status/1660771503057829888
Mon May 22 22:15:47 +0000 2023,1660771464877084673,@Anu44575827 @ekokuntadhi1 Mdh2an ada yg proses hukum dr pihak klrg pa prabowo‚Ä¶makin bnyk yg share makin bgs twitt ini dbaca klrg pa prabowo! Jgn ntr minta maaf,0,1,0,1,in,112232257,1660466197815791618,husen518L1,https://twitter.com/husen518L1/status/1660771464877084673
Mon May 22 22:15:43 +0000 2023,1660771447684616192,@AntiPekines @Gerindra @prabowo Bukannya dah biasa uang mahar kaya gini min ?,0,0,0,1,in,1603665522972708864,1660653325518356486,Godam062,https://twitter.com/Godam062/status/1660771447684616192
Mon May 22 22:14:34 +0000 2023,1660771156864143363,"Keren si Prabowo ,sibuk sowan ke mana mana.",0,0,0,0,in,129125060,1660771156864143363,shulehule,https://twitter.com/shulehule/status/1660771156864143363
Mon May 22 22:13:32 +0000 2023,1660770896783757312,@yagaktauw @idextratime tapasya Prabowo,0,0,0,0,in,1550885672009240576,1660459119017590785,BasatAsede,https://twitter.com/BasatAsede/status/1660770896783757312
Mon May 22 22:12:41 +0000 2023,1660770686267445250,@RaniKancana Saya suka kedua duanya. Tapi saya lbh condong prabowo,0,0,0,0,in,1627704220781797383,1660146055839907841,HendriSuhendra9,https://twitter.com/HendriSuhendra9/status/1660770686267445250
Mon May 22 22:12:24 +0000 2023,1660770612997144576,@yaniarsim @gibran_tweet Masa ? Apa iya PDIP mau pecat Gibran ? üòÄ akankah finalnya seperti di drama drama Korea ? Kita tunggu nanti pada pendaftaran resmi Capres dan Cawapres  @prabowo @Gerindra @ganjarpranowo,0,0,0,0,in,1466691751,1660637102663688205,Elmirakid,https://twitter.com/Elmirakid/status/1660770612997144576
Mon May 22 22:11:34 +0000 2023,1660770405467160577,@Jelli_cent @prabowo pertahankan kekuatan demokrasi sipil. Maukah seluruh gubernur di indonesia mantan tentara????,0,0,0,0,in,1324528440,1660251191429967872,asa_silitonga,https://twitter.com/asa_silitonga/status/1660770405467160577
Mon May 22 22:11:09 +0000 2023,1660770297837137921,Capres 2024 selain @prabowo @ganjarpranowo @aniesbaswedan sebaiknya :,0,2,0,0,in,1395232733325000706,1660770297837137921,GolkarGarisLucu,https://twitter.com/GolkarGarisLucu/status/1660770297837137921
Mon May 22 22:09:38 +0000 2023,1660769915077562368,"@MikaelMarut1 @kartarahardja Si hashim ini sebenarnya bodoh atau tolol ya,kok sampai segitunya menyerang bacapres lain tapi lupa BOROK KEJI prabowo sendiri yg akan terbongkar didepan publik dan menghancurkan reputasi prabowo sendiri tuh BODOH kok diplihara loe",0,0,0,0,in,1473934274768216068,1660439993284964352,SomarwaneSefnat,https://twitter.com/SomarwaneSefnat/status/1660769915077562368
Mon May 22 22:09:36 +0000 2023,1660769907922075649,@HeryIdris5 Aku belum pernah dengar bahkan sekarang adek pak prabowo udah nyindir nyindir,0,0,0,0,in,1501465763785236482,1660619505687728128,M22Mentari9,https://twitter.com/M22Mentari9/status/1660769907922075649
Mon May 22 22:09:08 +0000 2023,1660769791404281856,@Ndaxwz @prabowo @PDI_Perjuangan Urusan partai.  Yg di luar partai cukup nyimak aja.,0,0,0,1,in,1223887553410912258,1660637227523932160,ayaheh_shezha,https://twitter.com/ayaheh_shezha/status/1660769791404281856
Mon May 22 22:05:51 +0000 2023,1660768963507417088,"@Dennysiregar7 Wkwkwkw nyerang anis nyerang prabowo kok g pernah sekali aja mbahas prestasi ganjar apa gitu  kek, oh iya emang dibayar untuk itu sih wkwkak",0,0,0,2,in,1348707420151836672,1660658490992640000,ahyull10,https://twitter.com/ahyull10/status/1660768963507417088
Mon May 22 22:03:20 +0000 2023,1660768330968621057,"@KakekHalal Baper Ya....   Lah,, Prabowo Singgah Ke Solo dlm Rangka Ke Jatim.  Gibran Njamperin,,,   Prabowo Udah Leading  ... anies No2....ganjar Paling bontot",0,0,0,1,in,1503028852087746560,1660654036872462337,Almudattsir,https://twitter.com/Almudattsir/status/1660768330968621057
Mon May 22 22:02:25 +0000 2023,1660768101032669184,"@awemany Ini kenapa jd SBY vs jokowi, bahkan jd Anies vs Jokowi sih. Ganjar dan Prabowo disimpan dimana?",0,0,0,0,in,1361927032221802497,1660435934352138241,ArifMIqbal2,https://twitter.com/ArifMIqbal2/status/1660768101032669184
Mon May 22 22:02:09 +0000 2023,1660768034804613120,Pertemuan Gibran Rakabuming dan Prabowo Subianto serta hasil Survei Litbang Kompas soal persepsi publik atas kinerja Jokowi-Ma'ruf Amin jadi sorotan. https://t.co/PpdeECaKdq,1,2,1,7,in,23343960,1660768034804613120,kompascom,https://twitter.com/kompascom/status/1660768034804613120
Mon May 22 21:59:56 +0000 2023,1660767477448712195,@maSSam72033655 @saiful_mujani dipilih jadi menhan buat menghibur pak prabowo yg 3 kali gagal apalgi yg dipimpin dimenhan kbnyakan anggota TNI.tapi klw utk jadi presiden sich sprtinya beliau tdk ccok krn idealnya menjabat  Kepala negara itu harus bersih dri catatan kriminal krn yg dipimpin itu rakyat indonesia,0,1,0,1,in,1630466222247776256,1660136346588160000,MissaelTimika,https://twitter.com/MissaelTimika/status/1660767477448712195
Mon May 22 21:58:32 +0000 2023,1660767124577476611,"Jelang Pengumuman Capres, PAN: Antara Ganjar atau Prabowo ‚Äì Nasional Tempo ‚Äì Pilihan Google Berita-https://t.co/ziZFzC4D33... =&gt  https://t.co/4kMmUXzAeo",0,0,0,0,in,1658277656163672064,1660767124577476611,Dumidumiid,https://twitter.com/Dumidumiid/status/1660767124577476611
Mon May 22 21:57:51 +0000 2023,1660766953605324800,"@BeatJanur @Dennysiregar7 Sampai2 Sekelas Surya Paloh &amp  Orang Berpendidikan Tinggi tersihir , hanja Karena Ingin Jangan Sampai Prabowo President dibuatlah Dalil2 Pelanggar Ham Yg Belm Teruji ! @Dennysiregar7   https://t.co/tY58GTsDTP",0,0,0,0,in,1503028852087746560,1660551870341865472,Almudattsir,https://twitter.com/Almudattsir/status/1660766953605324800
Mon May 22 21:57:18 +0000 2023,1660766812420853760,"@AntiPekines @Gerindra @prabowo yg bener2 punya kualitas &amp  ber integritas apa bakal mau bayar beginian? kalo itu sudah ada di ketentuan parTAI tiap msg2 caleg harus berkontribusi ya wajar, tapi kalo diluar itu ada tambahan pungli juga, gimana mau dpt leg2 berkualitas? ibarat mau masuk kerja pake nyogok jdnya.",0,1,0,0,in,707897168,1660653325518356486,susieeeID,https://twitter.com/susieeeID/status/1660766812420853760
Mon May 22 21:56:54 +0000 2023,1660766714693574657,@marlina_idha Jokowi Pejabat Prabowo Pejabat Ganjar Pejabat Anies ....? https://t.co/EBFgH7AMQv,0,0,0,0,in,1321322588132364289,1660484676249858049,bang_aim600,https://twitter.com/bang_aim600/status/1660766714693574657
Mon May 22 21:56:13 +0000 2023,1660766542420901888,"Iya, betul itu, Mas Wali. Prabowo gak jelas identitasnya. Dia termasuk Machiavellis, buat mencapai maunya segala jalan ditempuh.",0,0,0,0,in,1659210111490080775,1660766542420901888,eddyk6313,https://twitter.com/eddyk6313/status/1660766542420901888
Mon May 22 21:55:49 +0000 2023,1660766441296265216,"@EndarTo44857464 @budimandjatmiko Jualanya orde baru, cendana....lha itu luhut, hendro, prabowo..",0,0,0,0,in,100457433,1660511328396783616,kurdiyAttubany,https://twitter.com/kurdiyAttubany/status/1660766441296265216
Mon May 22 21:55:43 +0000 2023,1660766413001457664,Saat nya Prabowo mengalah agar tidak kalah mulu. Diperkirakan Bila Gerindra Usung  Mahfud MD Capres. Akan menang satu Putaran https://t.co/3jFUjPDwMl,0,2,0,5,in,1481102448446283776,1660766413001457664,JulBayur3,https://twitter.com/JulBayur3/status/1660766413001457664
Mon May 22 21:55:40 +0000 2023,1660766400502452225,@urthiebb @18fesss Prabowo sih,0,0,0,2,in,793731135230533633,1660669802850181120,Jasjusenaktau,https://twitter.com/Jasjusenaktau/status/1660766400502452225
Mon May 22 21:55:15 +0000 2023,1660766297964310529,"@RD_4WR1212 Kurang lengkap, Prabowo TNI tapi dipecat, gagal pilpres 3x",0,0,0,0,in,1646954705111879682,1660513023931613184,HiburanMid27867,https://twitter.com/HiburanMid27867/status/1660766297964310529
Mon May 22 21:54:24 +0000 2023,1660766084881068032,"@HeryIdris5 Sejarah Pilpres langsung mencatat. Belum sekalipun Kubu capres penyer√†ng"" menang.!! 2024 : SBY diserang kubu megawati. 2009 : sama spt 2004 2014 : Jokowi diserang kubu Prabowo 2019 : kubu Prabowo lebih frontal lg serangannya 2024 : kubu Anies terus serang capres lawan.  Catat.!!""",0,0,0,0,in,1150299814753529857,1660619505687728128,NegeriTony,https://twitter.com/NegeriTony/status/1660766084881068032
Mon May 22 21:52:33 +0000 2023,1660765617534939136,@Ccindydd86Cindy Brani Tarohan yg jadi presiden yg nama akhirnya O dan org Jawa asli. Inget joyoboyo. Udh ga usah capek2. Presidenya kalau ga Prabowo atau G. Pranowo,0,0,0,0,in,350691989,1660131891671072768,krisnoprabowo,https://twitter.com/krisnoprabowo/status/1660765617534939136
Mon May 22 21:49:58 +0000 2023,1660764967686279168,"Adakalanya bisikan utk mendukung Prabowo sedikit pelan Semoga saja Berharap dr para purnawiran iniüòä  Presiden Jokowi Terima Para Pimpinan Purnawirawan TNI-Polri, Istana Merdeka, 22 Mei 2023 https://t.co/5cnmcsYbwC",0,1,1,10,in,1266247282506166277,1660764967686279168,Gi_N0ng,https://twitter.com/Gi_N0ng/status/1660764967686279168
Mon May 22 21:47:54 +0000 2023,1660764447676444672,@Ihendraone2 @ulinyusron Oh ini adeknya mbah Prabowo ? mirip bener suaranya,0,0,0,0,in,292767699,1660436679835156480,ricuhrd,https://twitter.com/ricuhrd/status/1660764447676444672
Mon May 22 21:44:38 +0000 2023,1660763625722871810,@tvOneNews Kan jokowi yg anda puja di 2013-2014 sesampai anda rela musuhi Prabowo di 2013-2014 kala itu &amp  akhirnya malah anda di tolong Prabowo di 2017 sehingga anda jadi Gubernur DKI Di 2017 &amp  sekarang Prabowo PUN anda lawan. Jadi keTAHUan KARAKTER &amp  Sifat anda YANG seSUNGGUHnya.,0,1,0,0,in,1476462798443933698,1660602791583424513,ASALe6ust1,https://twitter.com/ASALe6ust1/status/1660763625722871810
Mon May 22 21:40:01 +0000 2023,1660762463149899777,"@SekarJayanti07 @BungaNdaru @Ndaxwz @CHINTYA97475081 @prabowo @PDI_Perjuangan Lagian bpknya kan paling juara kalo memainkan bidak2 dlm permainan percaturan politik...  Jago dlm mematikan langkah &amp  manuver2 lawan2 politiknya dlm senyum &amp  senyap""nya. Namun tdk membunuh""",0,1,0,1,in,1613778783760416768,1660637227523932160,yudiwibowo976,https://twitter.com/yudiwibowo976/status/1660762463149899777
Mon May 22 21:38:35 +0000 2023,1660762102666260481,"@AntiPekines @Gerindra @prabowo Yg begini ini urusan internal partai, dan semua partai pasti spt ini. Semua urusan pasti btuh duit, makanya tdk heran mereka berlomba2 menghasilkan pundi2 buat pribadi dan partai dri hasil korupsi melalui jabatan yg diperolehnya. Makin bsr partainya makin besar pula kebutuhannya",0,0,0,0,in,1619993496785670144,1660653325518356486,MuKehati,https://twitter.com/MuKehati/status/1660762102666260481
Mon May 22 21:36:43 +0000 2023,1660761633671770112,@KakekHalal NU ~ JAWA TIMUR ALL IN PRABOWO üî• https://t.co/DXnNuG5Zeg,0,0,0,1,in,1062350458872770560,1660649481665388544,hayyik97,https://twitter.com/hayyik97/status/1660761633671770112
Mon May 22 21:36:39 +0000 2023,1660761616307331072,"@BurhanMuhtadi Meski jokowi dukung prabowo, saya gk mau milih prabowoü§≠",0,0,0,0,in,278941524,1660632999627735040,ms_dyus,https://twitter.com/ms_dyus/status/1660761616307331072
Mon May 22 21:36:09 +0000 2023,1660761491140907010,"@AntiPekines @Gerindra @prabowo kenapa korupsi makin gila, ya dari sinilah sdh di mulai intinya inti mafia berkembang biak, semua di jadikan duit",0,0,0,4,in,1489979337885765633,1660653325518356486,Kopirobusta9,https://twitter.com/Kopirobusta9/status/1660761491140907010
Mon May 22 21:35:44 +0000 2023,1660761387529027584,@Ndaxwz @prabowo @PDI_Perjuangan Semoga langit dan bumi mendoakan ....amin,0,1,0,3,in,1227499861580251136,1660637227523932160,Lembayung071,https://twitter.com/Lembayung071/status/1660761387529027584
Mon May 22 21:34:07 +0000 2023,1660760980480229376,"Politisi Senior PDIP Kritik Langkah Gibran yang Temui Prabowo: Mempermalukan, Terlampau Riskan Berita Betulan https://t.co/Wk1D1T5EdF",0,0,0,0,in,1324552584,1660760980480229376,KapalPerang,https://twitter.com/KapalPerang/status/1660760980480229376
Mon May 22 21:31:22 +0000 2023,1660760287736401920,@tinggipasaribu @Ndaxwz @prabowo @PDI_Perjuangan Emang situ sapa?,0,1,0,1,in,1603501242197897216,1660637227523932160,SepadanM,https://twitter.com/SepadanM/status/1660760287736401920
Mon May 22 21:31:21 +0000 2023,1660760283886002176,"@BungaNdaru @Ndaxwz @CHINTYA97475081 @prabowo @PDI_Perjuangan gak masalah  gibran, kaesang bobi bela prabowo. hak mereka saja Alhamdulillah sih dr walikota dampai 2 periode membela kel mereka dr segala fitnah kubu sebelah kalau mereka skg pro hak mereka saja sah2 saja bela mana... mau bela hti, bela cendana hambok ben.. üòÇüòÇüëçüëçüëç",0,1,0,0,in,1282321029826637830,1660637227523932160,SekarJayanti07,https://twitter.com/SekarJayanti07/status/1660760283886002176
Mon May 22 21:27:14 +0000 2023,1660759246341021697,@KakekHalal Relawan dan Pendukung Ganjar Pranowo KETAKUTAN LUAR BIASA Terhadap Manuver Pak Prabowo.,0,0,0,1,in,1461796651,1660654036872462337,aanlegitoro,https://twitter.com/aanlegitoro/status/1660759246341021697
Mon May 22 21:26:43 +0000 2023,1660759117286477827,"@AntiPekines @Gerindra @prabowo dikondisikan persaingan uang, caleg dilatih duduk manis.",0,0,0,1,in,940521418650894336,1660653325518356486,KangDarja,https://twitter.com/KangDarja/status/1660759117286477827
Mon May 22 21:25:14 +0000 2023,1660758741434728449,"@adri_7i @Ndaxwz @prabowo @PDI_Perjuangan Gimna mau jadi president sama Israel aja takut,,coba klu iya kaya pak @jokowi ukraina yg lagi perang aja beliau datangi,lah ini sama Israel yg cuma mau bertanding aja ko takutüíÉüíÉüçºüçºüçº",0,1,0,1,in,1004873472626122752,1660637227523932160,c1mplung_82,https://twitter.com/c1mplung_82/status/1660758741434728449
Mon May 22 21:24:24 +0000 2023,1660758535825928193,@bosedii @bengkeldodo @BANGSAygSUJUD @Alie_Fahnoor @AndreasSolusi @are_inismyname @florieliciouss @Kimberley_2024 @Ndons_Back @propaganda_99 @prabowo Lagi mabuk lem ya?,0,2,0,3,in,1462319970184929284,1660610646638211074,Ahwal08,https://twitter.com/Ahwal08/status/1660758535825928193
Mon May 22 21:23:49 +0000 2023,1660758388538736640,@SekarJayanti07 @Ndaxwz @CHINTYA97475081 @prabowo @PDI_Perjuangan Sdh tinggal SUBUHAN dulu Yuk üôèüòÄ‚úåÔ∏è,0,1,0,0,in,1360582811921485826,1660637227523932160,BungaNdaru,https://twitter.com/BungaNdaru/status/1660758388538736640
Mon May 22 21:23:03 +0000 2023,1660758194111799297,@WAHYU_UNIFORM @Alie_Fahnoor @AndreasSolusi @are_inismyname @BANGSAygSUJUD @bengkeldodo @florieliciouss @Kimberley_2024 @Ndons_Back @propaganda_99 @prabowo Nanti d jawab nanya blueprint lagiüòÇklo mau bahas diskus ya sampai ujung bro.jgn ngilang dgn blueprint.mending tanya tuh blueprint Anies soal korupsi.kan lagi hangat.,0,0,0,2,in,1462319970184929284,1660610646638211074,Ahwal08,https://twitter.com/Ahwal08/status/1660758194111799297
Mon May 22 21:21:32 +0000 2023,1660757811196723203,@Ndaxwz @prabowo @PDI_Perjuangan Umur ngga ada yg tau,0,0,0,0,in,1004873472626122752,1660637227523932160,c1mplung_82,https://twitter.com/c1mplung_82/status/1660757811196723203
Mon May 22 21:21:30 +0000 2023,1660757803630473216,@bosedii @bengkeldodo @Ahwal08 @BANGSAygSUJUD @AndreasSolusi @are_inismyname @florieliciouss @Kimberley_2024 @Ndons_Back @propaganda_99 @prabowo Dan anda akun tahun 2013 hanya bisa nulis di sini?  Coba nulis di lapak sendiri  Bisa kaaaan  Salam Damai dari Pak #Prabowo2024,0,1,0,4,in,1121831857098641408,1660610646638211074,Alie_Fahnoor,https://twitter.com/Alie_Fahnoor/status/1660757803630473216
Mon May 22 21:20:27 +0000 2023,1660757540928655360,@Ndaxwz @CHINTYA97475081 @prabowo @PDI_Perjuangan dikit2 TOLOL üòÇ,0,1,0,1,tl,1282321029826637830,1660637227523932160,SekarJayanti07,https://twitter.com/SekarJayanti07/status/1660757540928655360
Mon May 22 21:19:01 +0000 2023,1660757178104569856,"@kaysah34 @RKristaung @Leonita_Lestari @zain1192 Kwartir @jokowi tak akan bersama @PDI_Perjuangan lagi. Ketika Musra digelar, pidato politik @jokowi mengisyaratkan punya dukungan sendiri dan Pede dengan kekuatan relawan melebihi suara partai. Apalagi pertemuan @prabowo dan @gibran_tweet SBG kode koalisi baru.",0,0,0,0,in,18329233,1660530459942752256,msirulhaq,https://twitter.com/msirulhaq/status/1660757178104569856
Mon May 22 21:15:48 +0000 2023,1660756367387557888,@Dennysiregar7 PRABOWO RAJA TEGA GIBRAN DI KURBAN KAN,0,0,0,1,in,1409586542784307200,1660658490992640000,SALLY07195073,https://twitter.com/SALLY07195073/status/1660756367387557888
Mon May 22 21:15:16 +0000 2023,1660756235053072387,@BBerizik @ganjarpranowo @prabowo setuju bangetttttt,0,1,0,1,in,1633778175565238273,1660526242473578496,awang_pradipta,https://twitter.com/awang_pradipta/status/1660756235053072387
Mon May 22 21:14:37 +0000 2023,1660756071982727169,@zainul_munas @PartaiSocmed Siap menangkan Prabowo - Muhaimin..,0,0,0,0,in,1380442427178147845,1660159629584924674,YasintaRosina,https://twitter.com/YasintaRosina/status/1660756071982727169
Mon May 22 21:13:53 +0000 2023,1660755885097123846,@CHINTYA97475081 @prabowo @PDI_Perjuangan Lo kalee yg muka gedek! Sapa yg ngemis2? Akun baru netes jgn sok! Tolol jgn diumbar!,0,2,0,0,in,1467352337358331904,1660637227523932160,Ndaxwz,https://twitter.com/Ndaxwz/status/1660755885097123846
Mon May 22 21:13:06 +0000 2023,1660755689508339712,@kurawa @gibran_tweet Prabowo tetap kalah üòÅ,0,0,0,0,in,1297210901234216961,1660644797755817987,BocorAl42623574,https://twitter.com/BocorAl42623574/status/1660755689508339712
Mon May 22 21:11:42 +0000 2023,1660755338528980993,@PartaiSocmed Prabowo cak Imin okkeeee,0,0,0,0,in,1316714492466618368,1660159629584924674,ZinaMoris,https://twitter.com/ZinaMoris/status/1660755338528980993
Mon May 22 21:10:00 +0000 2023,1660754908616986624,"@novandre @tvOneNews Isi pidato pak Anies sering menyampaikan tantangan adu gagasan, seperti: Kalau adu lari saya kalah tapi kalau adu gagasan  pantang surut"".  Justru, beliau sedang menantang. Mana hasil kerja pak @jokowi ? Mana hasil kerja pak @ganjarpranowo ? Mana hasil kerja pak @prabowo ? Buka.""",0,0,0,9,in,1603768816189988865,1660602791583424513,rangkutifuat,https://twitter.com/rangkutifuat/status/1660754908616986624
Mon May 22 21:08:55 +0000 2023,1660754638835187718,@tinggipasaribu @prabowo @PDI_Perjuangan KerenüëçüèΩ,0,1,0,1,hu,1467352337358331904,1660637227523932160,Ndaxwz,https://twitter.com/Ndaxwz/status/1660754638835187718
Mon May 22 21:01:14 +0000 2023,1660752702429888516,"@Dennysiregar7 Gelar tiker saja. Biar pendukung pak Prabowo dan Pak Ganjar saling caci maki, hujat menghujat, dan fitnah memfitnah.",0,0,0,0,in,1603629337458413568,1660658490992640000,rebo_kliwon,https://twitter.com/rebo_kliwon/status/1660752702429888516
Mon May 22 21:00:06 +0000 2023,1660752420312596480,@PartaiSocmed Prabowo _ cak imin,0,0,0,0,in,1628257477119840257,1660159629584924674,marantikadomi01,https://twitter.com/marantikadomi01/status/1660752420312596480
Mon May 22 21:00:00 +0000 2023,1660752392466452480,"Sekjen Gerindra, Ahmad Muzani: Cak Imin Perlu Kunci Inggris Untuk Jadi Cawapres Prabowo  https://t.co/RiLSmpovuj",0,0,0,0,in,853782937782714368,1660752392466452480,radaraktual,https://twitter.com/radaraktual/status/1660752392466452480
Mon May 22 20:56:58 +0000 2023,1660751630680338432,@KakekHalal Kami pendukung Jokowi tulen emg dukung Prabowo. Mslhnya dimn?,0,0,1,1,in,1604973664000409601,1660654036872462337,prawira2006,https://twitter.com/prawira2006/status/1660751630680338432
Mon May 22 20:51:32 +0000 2023,1660750262988881925,@BBerizik @ganjarpranowo @prabowo Setuju.. Orang seperti yg di gambar itu beserta rombongannya sebaiknya kembalikan ke Habitat aslinya Semakin cepat semakin baik üòÜüòÜüòÜ,0,0,0,0,in,1351543249186373634,1660526242473578496,AriantaSyah,https://twitter.com/AriantaSyah/status/1660750262988881925
Mon May 22 20:50:34 +0000 2023,1660750018020786176,"Gibran: Saya Anggota Muda, Perlu Banyak Masukan - Konten Jatim #Prabowo #PrabowoSubianto https://t.co/KmdxxQoTLT",0,0,2,0,in,1068101963059879936,1660750018020786176,AdrianaDaneen,https://twitter.com/AdrianaDaneen/status/1660750018020786176
Mon May 22 20:49:54 +0000 2023,1660749852400300033,@Tan_Mar3M @ekokuntadhi1 @Gerindra Kali ini kenak batunya dah si kuntet...ayo pak Prabowo laporkan nih si kuntet dg pencemaran nama baik ...salah pilih lawan daah kuntet kali nii üëäüî•üò°ü§µüëä,0,2,0,0,in,1451499144632160259,1659911268176908289,Azizkhoo,https://twitter.com/Azizkhoo/status/1660749852400300033
Mon May 22 20:49:40 +0000 2023,1660749792715341824,"@KakekHalal Kemaren nyerang pak anis sekarang nyerang prabowo kaga usah nyerang nyerang lawan tunjukin aja promosiin prestasi lu,,upst prestasinya lari dari tanggung jawab doang yaah",0,0,0,4,in,1639556311162531842,1660654036872462337,CinereUnun41935,https://twitter.com/CinereUnun41935/status/1660749792715341824
Mon May 22 20:49:34 +0000 2023,1660749765775331328,@Gerindra Tolong berikan ke aku tiketnya Min..aku hrs bertemu dgn Papi @prabowo .üôèüèª,0,0,0,1,in,1365942073912815622,1660636328390959105,mindlipstick,https://twitter.com/mindlipstick/status/1660749765775331328
